account_id,incoming_count,outgoing_count,total_txns,unique_senders,unique_receivers,total_incoming_amount,total_outgoing_amount,net_flow_amount,avg_incoming_amount,avg_outgoing_amount,avg_txn_amount,pass_through_ratio,txn_velocity_per_hour,avg_time_between_txns_min,avg_in_out_delay_min,median_in_out_delay_min,min_in_out_delay_min,structuring_ratio,network_degree,suspicious_connection_count,account_age_days,business_registered,gstin_present,identity_verified,same_entity_transfer_ratio,recurring_counterparty_ratio,behavior_class,is_suspicious
Victim-001,0,1,1,0,1,0.0,75000.0,-75000.0,0.0,75000.0,75000.0,0.0,1.0,1440.0,1440.0,1440.0,1440.0,0.0,1,1,1420,0,0,0,0.0,0.0,victim,0
A102,4,2,6,4,1,234727.08,154557.07,80170.00999999998,58681.77,77278.535,64880.69166666667,0.6584543632545509,0.2952271608988027,243.87999999999997,3.9833333333333334,3.9833333333333334,3.0,0.0,5,3,24,0,0,0,0.0,0.2,mule-like,1
B552,5,2,7,3,1,289567.04000000004,147145.1,142421.94000000003,57913.40800000001,73572.55,62387.44857142858,0.5081555552731415,0.2707435778978695,258.5472222222222,3.066666666666667,3.066666666666667,2.0,0.0,4,4,41,0,0,0,0.0,0.75,mule-like,1
C771,4,2,6,3,1,240537.42,142184.83000000002,98352.59,60134.355,71092.41500000001,63787.041666666664,0.5911131415644186,0.3840614498319731,187.47,3.875,3.875,3.75,0.0,4,4,35,0,0,0,0.0,0.5,mule-like,1
D334,8,1,9,6,1,411000.5,65500.0,345500.5,51375.0625,65500.0,52944.5,0.1593672027162984,0.4514672686230249,149.5125,4.0,4.0,4.0,0.0,7,7,180,0,0,0,0.0,0.2857,mule-like,1
E889,4,1,5,4,1,213029.52000000002,90265.79,122763.73000000003,53257.380000000005,90265.79,60659.062,0.4237243270322347,0.2849183234139547,263.23333333333335,392.74444444444447,124.68333333333334,3.8,0.0,5,4,12,0,0,0,0.0,0.0,mule-like,1
NORM-1001,12,23,35,12,22,229122.45,253698.18,-24575.72999999998,19093.537500000002,11030.355652173912,13794.875142857143,1.0,0.7832703401631191,78.85490196078432,97.02499999999999,83.13333333333333,5.533333333333333,0.0,32,0,643,0,0,1,0.0,0.0938,normal,0
NORM-1002,14,16,30,14,15,203280.72,198333.54,4947.179999999993,14520.051428571429,12395.84625,13387.142,0.975663309338928,0.702297422958623,88.37988505747127,109.75119047619049,69.58333333333334,1.55,0.0,26,0,2232,0,0,1,0.0,0.1538,normal,0
NORM-1003,11,12,23,11,12,192452.27000000002,150720.48,41731.79000000001,17495.66090909091,12560.04,14920.554347826086,0.7831577148973093,0.5000996575404519,125.42954545454545,259.80833333333334,147.77499999999998,17.266666666666666,0.0,22,0,1938,0,0,1,0.0,0.0455,normal,0
NORM-1004,15,21,36,13,19,276935.43,245390.56,31544.869999999995,18462.362,11685.264761904762,14509.055277777778,0.8860930506436103,0.7538740751081949,81.86285714285715,238.8311111111111,185.36666666666667,21.316666666666666,0.0,32,0,405,0,0,1,0.0,0.125,normal,0
NORM-1005,14,17,31,13,17,325768.21,420400.19,-94631.97999999998,23269.157857142858,24729.42294117647,24069.948387096774,1.0,0.6878995025672952,90.12944444444445,126.5845238095238,114.64166666666667,13.133333333333333,0.0,28,1,2072,0,0,1,0.0,0.1071,normal,0
NORM-1006,15,19,34,15,18,273296.59,245329.77,27966.820000000036,18219.772666666668,12912.093157894737,15253.716470588235,0.897668609769335,0.7273461965855137,84.99141414141414,154.69285714285712,60.66666666666667,8.616666666666667,0.0,31,0,1791,0,0,1,0.0,0.0968,normal,0
NORM-1007,9,20,29,8,20,232735.69,208724.8,24010.890000000014,25859.521111111113,10436.24,15222.775517241378,0.8968319384104775,0.6135510146511751,101.28392857142856,210.9888888888889,177.56666666666666,10.8,0.0,25,0,1112,0,0,1,0.0,0.16,normal,0
NORM-1008,11,16,27,11,14,179060.69999999998,199672.49,-20611.790000000008,16278.245454545453,12479.530625,14027.155185185184,1.0,0.6092859694980913,102.26346153846156,510.5969696969696,364.6166666666667,11.216666666666667,0.0,25,0,1927,0,0,1,0.0,0.08,normal,0
NORM-1009,14,14,28,13,14,261072.61000000002,137325.96,123746.65000000002,18648.043571428574,9808.997142857143,14228.520357142857,0.5260067687682748,0.5960159174092229,104.39691358024692,222.03690476190474,213.58333333333331,0.31666666666666665,0.0,26,0,583,0,0,1,0.0,0.0769,normal,0
NORM-1010,18,17,35,16,16,315397.24,156478.92,158918.31999999998,17522.068888888887,9204.642352941177,13482.176000000001,0.4961328133372379,0.7617942067364373,81.07794117647059,194.57592592592593,154.24166666666667,13.25,0.0,27,0,1336,0,0,1,0.0,0.2593,normal,0
NORM-1011,14,16,30,14,15,293435.44,177185.58,116249.86000000002,20959.674285714285,11074.09875,15687.367333333334,0.6038315617227421,0.6408126453695353,96.85977011494253,110.81153846153846,48.46666666666667,1.2166666666666666,0.0,29,0,2136,0,0,1,0.0,0.0345,normal,0
NORM-1012,17,21,38,16,21,318664.85,404778.87,-86114.02000000002,18744.991176470587,19275.184285714284,19037.992631578945,1.0,0.8985221674876848,68.5810810810811,196.0607843137255,154.73333333333332,12.9,0.0,33,1,1264,0,0,1,0.0,0.1515,normal,0
NORM-1013,12,14,26,11,13,228220.72,184271.51,43949.20999999999,19018.393333333333,13162.250714285716,15865.085769230769,0.8074267314554087,0.5945650654910879,104.95066666666666,167.3,114.625,13.633333333333333,0.0,24,0,1271,0,0,1,0.0,0.0833,normal,0
NORM-1014,14,23,37,14,23,198634.38,327280.31,-128645.93,14188.17,14229.578695652173,14213.910540540539,1.0,0.8021631908269147,76.87546296296297,96.43846153846152,57.06666666666667,16.066666666666666,0.0,36,0,2277,0,0,1,0.0,0.0278,normal,0
NORM-1015,18,19,37,16,19,311042.5,168058.22,142984.28,17280.13888888889,8845.169473684211,12948.668108108108,0.540306292548446,0.814519482425458,75.70925925925927,91.19880952380952,71.95833333333334,10.283333333333333,0.0,33,0,1450,0,0,1,0.0,0.1212,normal,0
NORM-1016,15,21,36,14,18,265996.8,240328.49,25668.309999999998,17733.12,11444.21380952381,14064.591388888888,0.9035014330999471,0.76905274776138,80.24714285714286,104.32142857142856,109.34166666666667,5.55,0.0,30,0,1968,0,0,1,0.0,0.1667,normal,0
NORM-1017,14,22,36,14,20,204837.05000000002,293593.64,-88756.59,14631.217857142858,13345.165454545455,13845.296944444446,1.0,0.7948774563921396,77.64,108.70238095238095,98.675,19.233333333333334,0.0,29,0,1869,0,0,1,0.0,0.2414,normal,0
NORM-1018,11,16,27,10,16,179389.21,182051.92,-2662.710000000021,16308.109999999999,11378.245,13386.708518518519,1.0,0.6385830289333299,97.57179487179488,141.43333333333334,141.99166666666667,29.05,0.0,26,0,1387,0,0,1,0.0,0.0385,normal,0
NORM-1019,8,14,22,8,14,98963.79000000001,166804.52,-67840.72999999998,12370.473750000001,11914.608571428571,12080.377727272727,1.0,0.4629710818441682,135.76904761904763,124.86904761904762,67.38333333333334,27.916666666666668,0.0,20,0,1560,0,0,1,0.0,0.1,normal,0
NORM-1020,13,18,31,12,16,121323.96,504518.88,-383194.92,9332.612307692309,28028.826666666668,20188.47870967742,1.0,0.6748625783862561,91.87055555555554,114.84102564102562,95.25,33.31666666666667,0.0,28,1,1551,0,0,1,0.0,0.1071,normal,0
NORM-1021,8,12,20,7,12,82541.19,145439.15,-62897.95999999999,10317.64875,12119.929166666667,11399.017,1.0,0.4459391664653747,141.62894736842102,240.21875,234.85833333333335,37.083333333333336,0.0,17,0,1066,0,0,1,0.0,0.1765,normal,0
NORM-1022,12,16,28,12,14,111799.02,159082.06,-47283.03999999999,9316.585000000001,9942.62875,9674.324285714287,1.0,0.6766826438957587,91.95185185185184,226.41363636363633,106.68333333333334,0.43333333333333335,0.0,26,0,247,0,0,1,0.0,0.0769,normal,0
NORM-1023,14,19,33,13,17,114000.53,475251.62,-361251.08999999997,8142.8949999999995,25013.243157894736,17856.12575757576,1.0,0.7514374086794816,82.3421875,80.57083333333334,73.775,7.933333333333334,0.0,29,1,917,0,0,1,0.0,0.1379,normal,0
NORM-1024,9,13,22,9,12,54270.67,142092.47,-87821.8,6030.074444444444,10930.19,8925.597272727273,1.0,0.4641595020834432,135.42142857142858,148.7296296296296,181.85,3.05,0.0,20,0,1135,0,0,1,0.0,0.1,normal,0
NORM-1025,16,9,25,15,9,146387.95,80064.31999999999,66323.63000000002,9149.246875,8896.035555555554,9058.0908,0.5469324490164661,0.5395586410316361,115.83541666666667,330.58000000000004,242.78333333333333,10.3,0.0,22,0,1322,0,0,1,0.0,0.1364,normal,0
NORM-1026,9,18,27,9,16,80288.49,333455.62,-253167.13,8920.943333333335,18525.312222222223,15323.855925925925,1.0,0.5876449463743758,106.02948717948718,162.84166666666664,152.89166666666665,33.833333333333336,0.0,25,0,828,0,0,1,0.0,0.08,normal,0
NORM-1027,12,16,28,11,16,111642.33,179408.12,-67765.79,9303.5275,11213.0075,10394.658928571429,1.0,0.7153146887884357,86.98580246913579,83.9763888888889,48.641666666666666,5.6,0.0,26,0,1591,0,0,1,0.0,0.0769,normal,0
NORM-1028,8,15,23,8,15,68197.58,196971.05,-128773.46999999999,8524.6975,13131.403333333332,11529.070869565217,1.0,0.5601331330925031,111.98636363636365,94.91874999999999,90.96666666666667,2.7,0.0,23,0,554,0,0,1,0.0,0.0,normal,0
NORM-1029,12,14,26,11,12,81264.58,166879.99,-85615.40999999999,6772.048333333333,11919.999285714284,9544.021923076923,1.0,0.592476310442395,105.32066666666665,328.7111111111111,307.98333333333335,11.766666666666667,0.0,22,0,1508,0,0,1,0.0,0.1364,normal,0
NORM-1030,10,14,24,9,14,67736.70999999999,168485.79,-100749.08000000002,6773.670999999999,12034.699285714287,9842.604166666666,1.0,0.5709829630314965,109.65072463768118,99.05740740740741,50.733333333333334,3.5,0.0,23,0,377,0,0,1,0.0,0.0435,normal,0
NORM-1031,5,9,14,5,9,57072.03,268694.73,-211622.69999999998,11414.405999999999,29854.969999999998,23269.054285714286,1.0,0.343551256620519,188.08076923076925,594.5733333333333,622.85,18.783333333333335,0.0,14,1,1100,0,0,1,0.0,0.0,normal,0
NORM-1032,3,11,14,3,10,14735.630000000001,375237.91,-360502.27999999997,4911.876666666667,34112.53727272727,27855.252857142856,1.0,0.2201382852799993,293.52179487179484,471.46111111111117,363.1666666666667,267.4166666666667,0.0,13,1,1104,0,0,1,0.0,0.0769,normal,0
NORM-1033,9,11,20,8,11,70690.85,124278.48,-53587.62999999999,7854.538888888889,11298.043636363636,9748.4665,1.0,0.6347918852437336,99.4938596491228,96.87777777777778,70.64166666666667,34.93333333333333,0.0,19,0,687,0,0,1,0.0,0.0526,normal,0
NORM-1034,5,8,13,5,8,43203.83,425600.07,-382396.24,8640.766,53200.00875,36061.838461538464,1.0,0.3258780603292204,199.4611111111111,512.99,258.55,155.9,0.125,12,1,1549,0,0,1,0.0,0.0833,normal,0
NORM-1035,2,10,12,2,8,20245.68,144847.96,-124602.28,10122.84,14484.795999999998,13757.803333333331,1.0,0.2766942720442711,236.5590909090909,207.00833333333333,207.00833333333333,49.43333333333333,0.0,10,0,190,0,0,1,0.0,0.2,normal,0
NORM-1036,6,5,11,6,5,48210.880000000005,12039.31,36171.57000000001,8035.146666666667,2407.862,5477.29,0.24972184701876418,0.2738343025869044,241.02166666666662,514.7194444444444,408.9,18.483333333333334,0.0,11,0,1297,0,0,1,0.0,0.0,normal,0
NORM-1037,3,11,14,3,10,22027.38,180353.8,-158326.41999999998,7342.46,16395.8,14455.798571428571,1.0,0.2194386029075615,294.45769230769235,656.7333333333333,439.93333333333334,90.26666666666667,0.09090909090909091,13,0,352,0,0,1,0.0,0.0769,normal,0
NORM-1038,4,11,15,4,11,20691.24,159018.04,-138326.80000000002,5172.81,14456.185454545455,11980.618666666667,1.0,0.35204151482159973,182.60833333333332,119.72777777777777,125.28333333333333,79.21666666666667,0.09090909090909091,15,0,1784,0,0,1,0.0,0.0,normal,0
NORM-1039,7,6,13,6,6,44203.42,89284.67,-45081.25,6314.774285714286,14880.778333333334,10268.314615384616,1.0,0.34323935811306366,189.37222222222223,44.1,44.1,44.1,0.16666666666666666,12,0,979,0,0,1,0.0,0.0833,normal,0
NORM-1040,3,4,7,3,4,15417.45,64072.67,-48655.22,5139.150000000001,16018.1675,11355.731428571427,1.0,0.16711318602615455,418.87777777777774,477.96111111111117,579.25,237.31666666666666,0.0,7,0,208,0,0,1,0.0,0.0,normal,0
NORM-1041,3,11,14,3,11,18968.809999999998,308592.3,-289623.49,6322.936666666666,28053.845454545455,23397.222142857143,1.0,0.41413651714475885,156.02435897435902,18.775,18.775,1.0333333333333334,0.0,14,1,285,0,0,1,0.0,0.0,normal,0
NORM-1042,1,7,8,1,7,11331.15,59399.61,-48068.46,11331.15,8485.658571428572,8841.345,1.0,0.20735684817590774,330.6928571428572,738.9166666666666,738.9166666666666,738.9166666666666,0.0,7,0,232,0,0,1,0.0,0.1429,normal,0
NORM-1043,1,6,7,1,5,7895.47,53822.79,-45927.32,7895.47,8970.465,8816.894285714287,1.0,0.1522299880994811,459.8305555555556,801.8,801.8,801.8,0.0,6,0,1101,0,0,1,0.0,0.1667,normal,0
NORM-1044,1,9,10,1,9,4437.32,89063.93,-84626.60999999999,4437.32,9895.992222222221,9350.125,1.0,0.2438363587103766,273.4074074074074,626.1833333333333,626.1833333333333,626.1833333333333,0.0,10,0,1135,0,0,1,0.0,0.0,normal,0
NORM-1045,2,9,11,2,9,21334.57,104407.03,-83072.45999999999,10667.285,11600.781111111111,11431.054545454546,1.0,0.27124773960216997,243.32000000000002,297.125,297.125,38.85,0.0,11,0,1390,0,0,1,0.0,0.0,normal,0
NORM-1046,1,9,10,1,9,4130.86,95644.5,-91513.64,4130.86,10627.166666666666,9977.536,1.0,0.20921231563164686,318.6555555555555,733.9333333333333,733.9333333333333,733.9333333333333,0.0,10,0,1119,0,0,1,0.0,0.0,normal,0
NORM-1047,4,10,14,4,9,37951.25,230681.55,-192730.3,9487.8125,23068.155,19188.057142857142,1.0,0.3521618826686045,183.4820512820513,206.91666666666669,195.03333333333333,9.983333333333333,0.0,13,0,249,0,0,1,0.0,0.0769,normal,0
NORM-1048,1,4,5,1,3,7659.01,96878.19,-89219.18000000001,7659.01,24219.5475,20907.44,1.0,0.16080617495711835,466.4,804.05,804.05,804.05,0.25,4,0,1507,0,0,1,0.0,0.25,normal,0
NORM-1049,3,5,8,3,5,21877.53,73071.34,-51193.81,7292.509999999999,14614.268,11868.60875,1.0,0.15092124845410526,454.35238095238094,1146.1055555555556,1444.2666666666667,383.3666666666667,0.0,8,0,1957,0,0,1,0.0,0.0,normal,0
NORM-1050,2,11,13,2,10,16425.41,471429.94,-455004.53,8212.705,42857.26727272727,37527.334615384614,1.0,0.2845157760350173,228.45833333333337,476.775,476.775,207.56666666666666,0.0,12,1,1636,0,0,1,0.0,0.0833,normal,0
NORM-1051,4,8,12,4,8,32336.42,120979.4,-88642.98,8084.105,15122.425,12776.318333333335,1.0,0.2660606396541212,246.01363636363638,186.01666666666668,186.01666666666668,186.01666666666668,0.0,12,0,1502,0,0,1,0.0,0.0,normal,0
NORM-1052,3,8,11,3,8,22937.33,382359.1,-359421.76999999996,7645.776666666668,47794.8875,36845.13,1.0,0.24266787592072847,271.9766666666667,150.55555555555557,126.2,28.866666666666667,0.0,11,1,1534,0,0,1,0.0,0.0,normal,0
NORM-1053,6,10,16,6,10,45941.43,280286.3,-234344.87,7656.905,28028.629999999997,20389.233125,1.0,0.38134330828561025,167.82777777777775,425.9194444444444,249.98333333333335,121.38333333333334,0.0,15,1,1051,0,0,1,0.0,0.0667,normal,0
NORM-1054,3,15,18,3,15,19123.89,185860.28,-166736.39,6374.63,12390.685333333333,11388.009444444444,1.0,0.3824814071538189,166.09803921568627,112.77777777777777,107.2,68.38333333333334,0.0,18,0,804,0,0,1,0.0,0.0,normal,0
NORM-1055,4,11,15,4,11,34817.27,173419.33000000002,-138602.06000000003,8704.3175,15765.393636363639,13882.44,1.0,0.36683785766691124,175.2428571428571,179.69444444444446,220.8,61.78333333333333,0.0,15,0,1130,0,0,1,0.0,0.0,normal,0
NORM-1056,2,4,6,2,4,18726.54,58556.75,-39830.21,9363.27,14639.1875,12880.548333333334,1.0,0.21784295136857815,330.5133333333333,563.9,563.9,563.9,0.0,6,0,1137,0,0,1,0.0,0.0,normal,0
NORM-1057,1,7,8,1,7,6365.23,126186.66,-119821.43000000001,6365.23,18026.665714285715,16568.98625,1.0,0.1990049751243781,344.57142857142856,360.1,360.1,360.1,0.0,8,0,425,0,0,1,0.0,0.0,normal,0
NORM-1058,2,9,11,2,8,9807.61,148149.81,-138342.2,4903.805,16461.09,14359.765454545453,1.0,0.1824867973567064,361.66999999999996,481.1916666666667,481.1916666666667,431.43333333333334,0.0,10,0,1916,0,0,1,0.0,0.1,normal,0
NORM-1059,5,4,9,5,4,49353.89,46265.380000000005,3088.5099999999948,9870.778,11566.345000000001,10624.363333333335,0.9374211435005428,0.36117582797329084,186.88958333333335,170.17916666666667,154.46666666666667,10.35,0.0,9,0,1979,0,0,1,0.0,0.0,normal,0
NORM-1060,5,11,16,5,9,37070.05,140858.21,-103788.15999999999,7414.01,12805.291818181817,11120.51625,1.0,0.2731825770223099,234.27555555555557,175.31333333333333,186.25,119.78333333333333,0.0,14,0,1296,0,0,1,0.0,0.1429,normal,0
NORM-1061,1,9,10,1,8,3270.18,62140.31,-58870.13,3270.18,6904.478888888889,6541.049,1.0,0.23964692020423242,278.18703703703704,26.516666666666666,26.516666666666666,26.516666666666666,0.0,8,0,900,0,0,1,0.0,0.25,normal,0
NORM-1062,5,9,14,5,9,41506.22,123531.3,-82025.08,8301.244,13725.7,11788.394285714287,1.0,0.33305578684429643,194.00769230769234,254.28999999999996,181.0,89.71666666666667,0.0,14,0,404,0,0,1,0.0,0.0,normal,0
NORM-1063,5,8,13,5,8,32570.34,104194.34999999999,-71624.01,6514.068,13024.293749999999,10520.360769230769,1.0,0.38881411694332285,167.175,226.68333333333334,219.34166666666664,25.233333333333334,0.0,13,0,1347,0,0,1,0.0,0.0,normal,0
NORM-1064,5,9,14,5,9,28861.469999999998,79230.58,-50369.11,5772.294,8803.397777777778,7720.8607142857145,1.0,0.30966029528321015,208.66538461538462,188.72666666666666,123.88333333333334,78.85,0.0,14,0,387,0,0,1,0.0,0.0,normal,0
NORM-1065,2,10,12,2,10,6167.07,357000.68,-350833.61,3083.535,35700.068,30263.979166666668,1.0,0.3933996284559064,166.38181818181818,95.80833333333334,95.80833333333334,22.05,0.0,12,1,530,0,0,1,0.0,0.0,normal,0
NORM-1066,9,12,21,7,11,98840.5,134241.93,-35401.42999999999,10982.277777777777,11186.8275,11099.163333333334,1.0,0.4985524832002321,126.36583333333336,197.34259259259258,186.75,54.416666666666664,0.0,18,0,1659,0,0,1,0.0,0.1111,normal,0
NORM-1067,12,19,31,11,17,114675.23,260899.41,-146224.18,9556.269166666667,13731.547894736843,12115.310967741936,1.0,0.7465881723307465,83.04444444444445,120.43333333333332,116.125,11.516666666666667,0.0,26,0,746,0,0,1,0.0,0.1923,normal,0
NORM-1068,7,12,19,7,11,54655.34,105123.89,-50468.55,7807.905714285714,8760.324166666667,8409.433157894737,1.0,0.42395730675542503,149.38611111111112,215.95000000000002,206.80833333333334,5.7,0.0,16,0,824,0,0,1,0.0,0.1875,normal,0
NORM-1069,15,15,30,15,15,141906.77,166886.82,-24980.050000000017,9460.451333333333,11125.788,10293.119666666666,1.0,0.6611813106082868,93.87586206896552,221.37380952380954,250.675,26.366666666666667,0.0,26,0,208,0,0,1,0.0,0.1538,normal,0
NORM-1070,12,26,38,11,25,116493.24,309873.76,-193380.52000000002,9707.77,11918.22153846154,11220.184210526315,1.0,0.8800144095926716,70.02342342342342,102.13787878787879,95.91666666666667,35.55,0.0,34,0,211,0,0,1,0.0,0.1176,normal,0
NORM-1071,13,20,33,13,18,118195.81999999999,214016.71000000002,-95820.89000000003,9091.986153846154,10700.835500000001,10067.046363636364,1.0,0.7230235530399854,85.578125,223.20256410256408,129.2,10.3,0.0,30,0,814,0,0,1,0.0,0.0667,normal,0
NORM-1072,15,19,34,14,18,155747.36000000002,156365.89,-618.5299999999988,10383.157333333334,8229.783684210526,9179.801470588236,1.0,0.7515703768290362,82.2520202020202,165.275,104.7,14.15,0.0,31,0,1776,0,0,1,0.0,0.0968,normal,0
NORM-1073,14,20,34,14,19,127418.97,258199.34,-130780.37,9101.355,12909.967,11341.715,1.0,0.7206443408223824,85.78181818181818,128.97976190476194,93.33333333333334,7.266666666666667,0.0,30,0,827,0,0,1,0.0,0.1,normal,0
NORM-1074,6,11,17,6,10,44006.840000000004,164197.94,-120191.1,7334.473333333334,14927.085454545455,12247.34,1.0,0.40467090733565203,157.5354166666667,700.4472222222222,669.975,28.95,0.0,15,0,1564,0,0,1,0.0,0.1333,normal,0
NORM-1075,11,23,34,11,21,94056.0,218637.86000000002,-124581.86000000002,8550.545454545454,9505.99391304348,9196.878235294118,1.0,0.7340021708234137,84.22070707070708,114.11000000000001,85.51666666666667,16.25,0.0,29,0,976,0,0,1,0.0,0.1724,normal,0
NORM-1076,7,16,23,7,14,77830.0,183970.4,-106140.4,11118.57142857143,11498.15,11382.626086956521,1.0,0.5101129271733706,122.96742424242422,153.70833333333334,136.56666666666666,76.15,0.0,21,0,1686,0,0,1,0.0,0.0952,normal,0
NORM-1077,10,29,39,10,26,72519.75,286925.28,-214405.53000000003,7251.975,9893.975172413793,9216.539230769231,1.0,0.8427421533142455,73.06973684210526,72.28166666666667,48.59166666666667,5.816666666666666,0.0,33,0,1603,0,0,1,0.0,0.1818,normal,0
NORM-1078,8,16,24,8,16,86713.89,119569.15,-32855.259999999995,10839.23625,7473.071875,8595.126666666665,1.0,0.5277044854881267,118.64347826086957,135.77142857142854,85.36666666666666,9.033333333333333,0.0,24,0,1752,0,0,1,0.0,0.0,normal,0
NORM-1079,12,22,34,12,20,115192.9,245832.24,-130639.34,9599.408333333333,11174.192727272726,10618.386470588235,1.0,0.7325218140687279,84.39090909090909,175.80454545454543,127.78333333333333,28.983333333333334,0.0,30,0,584,0,0,1,0.0,0.1333,normal,0
NORM-1080,11,13,24,10,12,87861.56,359197.94,-271336.38,7987.414545454545,27630.61076923077,18627.479166666668,1.0,0.5431161287889265,115.2768115942029,83.52,65.05,14.05,0.0,21,1,1447,0,0,1,0.0,0.1429,normal,0
NORM-1081,9,10,19,6,9,71784.59,156583.12,-84798.53,7976.065555555555,15658.312,12019.353157894737,1.0,0.43156480096912797,146.75277777777777,231.69791666666669,234.50833333333333,8.766666666666667,0.0,15,0,1250,0,0,1,0.0,0.2,normal,0
NORM-1082,13,19,32,9,18,89928.78,216780.27,-126851.48999999999,6917.598461538461,11409.487894736842,9584.6578125,1.0,0.7073082378078357,87.56505376344089,119.71666666666667,86.4,34.75,0.0,24,0,1049,0,0,1,0.0,0.3333,normal,0
NORM-1083,13,14,27,13,12,91030.16,481862.18,-390832.02,7002.320000000001,34418.72714285714,21218.234814814812,1.0,0.572583162991806,108.81858974358974,144.47083333333333,128.45833333333334,25.7,0.0,25,1,966,0,0,1,0.0,0.08,normal,0
NORM-1084,8,20,28,8,18,72511.18,263642.58,-191131.40000000002,9063.8975,13182.129,12005.49142857143,1.0,0.6254343293954134,99.48641975308641,124.0,116.35,41.63333333333333,0.0,25,0,1767,0,0,1,0.0,0.08,normal,0
NORM-1085,16,13,29,14,12,97743.97,106280.61,-8536.64,6108.998125,8175.431538461538,7035.3303448275865,1.0,0.6583220355014661,94.39583333333333,212.5033333333333,141.48333333333332,11.9,0.0,24,0,2000,0,0,1,0.0,0.2083,normal,0
NORM-1086,13,18,31,11,18,114232.74,155549.14,-41316.40000000001,8787.133846153847,8641.61888888889,8702.641290322581,1.0,0.6788981896048277,91.32444444444444,144.0111111111111,121.68333333333334,50.25,0.0,26,0,227,0,0,1,0.0,0.1923,normal,0
NORM-1087,12,18,30,12,17,129294.81,170453.85,-41159.04000000001,10774.5675,9469.658333333333,9991.622000000001,1.0,0.6455662153680625,96.14655172413794,188.75694444444446,118.7,52.21666666666667,0.0,29,0,720,0,0,1,0.0,0.0345,normal,0
NORM-1088,11,21,32,10,21,101561.72,668537.85,-566976.13,9232.883636363636,31835.135714285712,24065.6115625,1.0,0.7038424175031923,87.99623655913982,80.69074074074074,46.36666666666667,2.433333333333333,0.0,28,2,1899,0,0,1,0.0,0.1429,normal,0
NORM-1089,9,17,26,9,17,56535.54,205213.09,-148677.55,6281.7266666666665,12071.358235294118,10067.255000000001,1.0,0.5654222544400145,110.36,116.15208333333334,108.07499999999999,17.3,0.0,26,0,877,0,0,1,0.0,0.0,normal,0
NORM-1090,11,27,38,9,22,98118.84,343837.2,-245718.36000000002,8919.894545454545,12734.711111111112,11630.422105263158,1.0,0.8457600712219008,72.85945945945946,79.46363636363637,42.71666666666667,1.5,0.0,31,0,1527,0,0,1,0.0,0.2258,normal,0
NORM-1091,10,11,21,10,11,87837.42,163192.6,-75355.18000000001,8783.742,14835.69090909091,11953.810476190478,1.0,0.4695360536612633,134.175,670.9875,726.55,2.5,0.0,20,0,299,0,0,1,0.0,0.05,normal,0
NORM-1092,14,16,30,14,16,104857.8,429305.84,-324448.04000000004,7489.842857142858,26831.615,17805.45466666667,1.0,0.6852922327201659,90.57298850574713,210.33809523809526,102.51666666666667,24.083333333333332,0.0,27,1,1628,0,0,1,0.0,0.1111,normal,0
NORM-1093,12,15,27,11,13,116730.11,130027.05,-13296.940000000002,9727.509166666667,8668.47,9139.154074074075,1.0,0.6060795011691348,102.80448717948717,96.1111111111111,55.95833333333333,9.466666666666667,0.0,23,0,883,0,0,1,0.0,0.1739,normal,0
NORM-1094,12,12,24,12,11,116140.43000000001,127431.3,-11290.869999999995,9678.369166666667,10619.275,10148.822083333334,1.0,0.5460647314233708,114.65434782608699,169.33181818181816,114.58333333333333,4.05,0.0,23,0,1120,0,0,1,0.0,0.0435,normal,0
NORM-1095,12,19,31,11,18,97069.86,173434.27,-76364.40999999999,8089.155,9128.11947368421,8725.939677419356,1.0,0.6891824295533282,89.96166666666666,98.3263888888889,87.51666666666667,8.416666666666666,0.0,26,0,564,0,0,1,0.0,0.1923,normal,0
NORM-1096,15,13,28,13,13,105744.85,135256.23,-29511.380000000005,7049.656666666667,10404.325384615386,8607.18142857143,1.0,0.6187845303867403,100.55555555555556,164.67261904761904,119.99166666666666,12.85,0.0,24,0,1172,0,0,1,0.0,0.1667,normal,0
NORM-1097,9,17,26,9,17,71609.21,218340.11000000002,-146730.90000000002,7956.578888888889,12843.535882352942,11151.896923076923,1.0,0.5736629852539193,108.77466666666668,210.94814814814814,119.95,10.783333333333333,0.0,25,0,1808,0,0,1,0.0,0.04,normal,0
NORM-1098,17,19,36,16,18,128364.47,205843.02,-77478.54999999999,7550.851176470588,10833.843157894737,9283.541388888889,1.0,0.7825708902951548,78.86095238095238,80.35588235294118,52.45,3.7,0.0,29,0,792,0,0,1,0.0,0.2414,normal,0
NORM-1099,11,14,25,10,13,120628.19,149370.44,-28742.25,10966.199090909091,10669.317142857142,10799.9452,1.0,0.5656926277679655,110.48402777777778,208.42727272727276,166.68333333333334,45.95,0.0,22,0,1643,0,0,1,0.0,0.1364,normal,0
NORM-1100,11,11,22,11,11,79878.04000000001,159630.06,-79752.01999999999,7261.64,14511.823636363637,10886.73181818182,1.0,0.4946506529763355,127.07380952380952,209.14629629629633,104.93333333333334,10.033333333333333,0.0,20,0,1920,0,0,1,0.0,0.1,normal,0
NORM-1101,4,25,29,4,22,38494.24,372648.52,-334154.28,9623.56,14905.9408,14177.336551724138,1.0,0.6549725212677859,94.87857142857142,78.21666666666667,72.51666666666667,3.283333333333333,0.0,26,0,985,0,0,1,0.0,0.1154,normal,0
NORM-1102,12,15,27,11,13,113338.59,225748.94,-112410.35,9444.8825,15049.929333333333,12558.797407407408,1.0,0.5872402126631223,106.1025641025641,112.10555555555557,75.95,6.95,0.0,21,0,355,0,0,1,0.0,0.2857,normal,0
NORM-1103,12,11,23,12,11,104278.36,94913.51,9364.850000000006,8689.863333333333,8628.500909090908,8660.51608695652,0.9101937353061555,0.49397741306176507,126.9840909090909,138.8651515151515,88.68333333333334,35.65,0.0,23,0,1301,0,0,1,0.0,0.0,normal,0
NORM-1104,7,14,21,7,13,63528.880000000005,156099.91,-92571.03,9075.554285714286,11149.993571428571,10458.51380952381,1.0,0.44910179640718567,140.28000000000003,70.66666666666666,54.5,13.9,0.0,17,0,512,0,0,1,0.0,0.2353,normal,0
NORM-1105,11,19,30,9,18,96494.67,427996.45,-331501.78,8772.242727272727,22526.128947368423,17483.037333333334,1.0,0.6783621323183026,91.49827586206898,86.07878787878788,75.6,1.6,0.0,26,1,911,0,0,1,0.0,0.1154,normal,0
NORM-1106,11,15,26,10,15,86996.11,201304.87,-114308.76,7908.737272727273,13420.324666666666,11088.49923076923,1.0,0.6706888892073547,93.03866666666667,101.08484848484846,91.05,30.716666666666665,0.0,25,0,1709,0,0,1,0.0,0.04,normal,0
NORM-1107,6,17,23,6,15,60219.69,389026.67,-328806.98,10036.615,22883.921764705883,19532.450434782608,1.0,0.49908380750313436,125.68484848484849,163.10277777777776,126.35,15.4,0.0,20,1,908,0,0,1,0.0,0.15,normal,0
NORM-1108,6,9,15,6,9,50837.21,330192.5,-279355.29,8472.868333333334,36688.055555555555,25401.980666666666,1.0,0.47860035983656685,134.3202380952381,174.29999999999998,174.73333333333335,47.8,0.0,15,1,547,0,0,1,0.0,0.0,normal,0
NORM-1109,10,15,25,9,14,85233.37,164101.41,-78868.04000000001,8523.337,10940.094000000001,9973.3912,1.0,0.5436489718993887,114.96388888888889,133.28611111111113,72.925,0.7166666666666667,0.0,22,0,238,0,0,1,0.0,0.1364,normal,0
NORM-1110,5,19,24,5,15,51314.869999999995,737047.12,-685732.25,10262.973999999998,38791.95368421052,32848.41625,1.0,0.5426181324892607,115.38260869565218,58.83333333333333,23.65,0.45,0.05263157894736842,20,2,310,0,0,1,0.0,0.2,normal,0
MCH-2001,18,10,28,18,7,844286.58,1084188.3,-239901.7200000001,46904.81,108418.83,68874.10285714285,1.0,0.43642598293262674,142.57222222222222,211.29509803921567,247.65,7.683333333333334,0.1,25,0,2755,1,1,1,0.1429,0.04,merchant,0
MCH-2002,20,9,29,17,5,867003.75,962861.4299999999,-95857.67999999993,43350.1875,106984.60333333333,63098.799310344824,1.0,0.7362430448304313,84.40535714285716,240.65588235294115,230.35,3.816666666666667,0.0,21,0,1861,1,1,1,0.1724,0.1905,merchant,0
MCH-2003,27,18,45,22,12,1407605.5,1719922.82,-312317.32000000007,52133.53703703704,95551.26777777779,69500.62933333335,1.0,0.9491223547608446,64.6530303030303,172.86014492753625,118.26666666666667,1.0166666666666666,0.05555555555555555,33,0,795,1,1,1,0.0889,0.2121,merchant,0
MCH-2004,17,20,37,17,14,747549.24,2268535.57,-1520986.3299999998,43973.48470588235,113426.77849999999,81515.80567567567,1.0,0.788660343173825,78.19166666666666,99.37564102564102,82.35,4.933333333333334,0.15,31,0,582,1,1,1,0.1081,0.129,merchant,0
MCH-2005,30,11,41,26,4,2186281.59,1256938.34,929343.2499999998,72876.053,114267.12181818183,83980.97390243901,0.5749206075508325,0.8868753267198232,69.34458333333333,196.39259259259256,191.01666666666668,4.05,0.18181818181818182,29,0,989,1,1,1,0.2195,0.1724,merchant,0
MCH-2006,21,16,37,17,11,1546296.3699999999,1717062.93,-170766.56000000006,73633.16047619047,107316.433125,88198.9,1.0,0.8198386173532507,75.21805555555555,121.12416666666665,89.86666666666667,13.25,0.0625,27,0,1584,1,1,1,0.1622,0.2222,merchant,0
MCH-2007,21,14,35,21,8,1136215.53,1622224.31,-486008.78,54105.50142857143,115873.16500000001,78812.56685714285,1.0,0.6929168499780026,89.13725490196079,283.69629629629634,207.98333333333335,8.933333333333334,0.0,28,0,2716,1,1,1,0.2286,0.0357,merchant,0
MCH-2008,39,3,42,34,3,1913131.03,464393.64,1448737.3900000001,49054.64179487179,154797.88,56607.73023809524,0.2427401117423724,0.9007989228541982,68.2321138211382,628.5277777777779,566.3333333333334,40.083333333333336,0.0,37,0,1647,1,1,1,0.119,0.0811,merchant,0
MCH-2009,27,11,38,20,10,1959216.1,1220223.91,738992.1900000002,72563.55925925926,110929.44636363635,83669.47394736842,0.6228123125366313,0.8066227977074931,76.3945945945946,210.48333333333332,182.575,1.5666666666666667,0.09090909090909091,28,0,1259,1,1,1,0.1842,0.25,merchant,0
MCH-2010,31,9,40,26,9,2098200.96,1220227.6300000001,877973.3299999998,67683.90193548387,135580.8477777778,82960.71475,0.5815589894687686,0.8669371831766024,70.98376068376069,661.4083333333333,578.7333333333333,2.95,0.0,33,0,2652,1,1,1,0.1,0.1515,merchant,0
MCH-2011,29,7,36,23,6,1147398.55,939141.02,208257.53000000003,39565.46724137931,134163.00285714286,57959.4325,0.8184959097255264,0.802213515069358,76.93,293.1798850574713,234.83333333333334,4.216666666666667,0.0,28,0,689,1,1,1,0.1111,0.2143,merchant,0
MCH-2012,31,9,40,21,8,1670723.29,1364473.18,306250.1100000001,53894.29967741935,151608.1311111111,75879.91175,0.8166960909487291,0.8869889803938478,69.37905982905984,297.4005555555556,327.8833333333333,17.283333333333335,0.0,28,0,2038,1,1,1,0.225,0.1786,merchant,0
MCH-2013,26,8,34,21,7,1552336.02,1224261.3,328074.72,59705.231538461536,153032.6625,81664.62705882353,0.7886574067900582,0.8154129027100487,75.81212121212121,320.3467948717949,307.3083333333333,15.066666666666666,0.0,28,0,2589,1,1,1,0.1765,0.0714,merchant,0
MCH-2014,27,11,38,20,9,1968114.59,1576235.1199999999,391879.4700000002,72893.13296296296,143294.1018181818,93272.36078947368,0.8008858467941137,0.8991481754127669,68.53333333333333,418.02160493827165,433.15,41.63333333333333,0.0,27,0,1687,1,1,1,0.2105,0.1852,merchant,0
MCH-2015,25,13,38,23,10,1542030.59,1751939.42,-209908.82999999984,61681.223600000005,134764.57076923078,86683.42131578947,1.0,0.8303893360527371,74.20810810810809,116.27500000000002,73.73333333333333,6.683333333333334,0.0,32,0,1156,1,1,1,0.0263,0.1562,merchant,0
MCH-2016,28,4,32,26,4,987253.11,615457.01,371796.1,35259.03964285714,153864.2525,50084.69125,0.6234034653990607,0.6765129048360102,91.55107526881721,400.08750000000003,277.10833333333335,49.083333333333336,0.0,29,0,2507,1,1,1,0.0625,0.069,merchant,0
MCH-2017,16,10,26,15,7,756296.1,1533671.42,-777375.32,47268.50625,153367.142,88075.67384615385,1.0,0.618425921031767,100.90133333333333,182.76444444444445,107.25,13.75,0.0,22,0,2782,1,1,1,0.0,0.1818,merchant,0
MCH-2018,22,7,29,19,5,1041739.42,893545.9,148193.52000000002,47351.79181818182,127649.41428571429,66733.97655172415,0.8577441564033355,0.6701974000962927,92.7232142857143,479.6236842105262,442.2,55.75,0.0,23,0,742,1,1,1,0.0,0.2174,merchant,0
MCH-2019,20,5,25,19,4,933042.08,647035.1599999999,286006.92000000004,46652.104,129407.03199999998,63203.08959999999,0.6934683588975965,0.6205912165656482,100.71041666666667,225.66944444444448,236.72500000000002,97.88333333333334,0.0,22,0,2994,1,1,1,0.0,0.0909,merchant,0
MCH-2020,27,3,30,26,2,664613.89,569578.7,95035.19000000006,24615.32925925926,189859.56666666665,41139.753,0.85700691569958,0.7083035474202667,87.63045977011497,262.7933333333333,179.86666666666667,33.983333333333334,0.0,28,0,1639,1,1,1,0.0,0.0714,merchant,0
MCH-2021,26,6,32,22,6,1254248.08,870034.5,384213.5800000001,48240.310769230775,145005.75,66383.830625,0.6936701868421437,0.6126225776945822,101.09892473118278,296.9126666666667,197.03333333333333,32.45,0.0,28,0,1799,1,1,1,0.0,0.1429,merchant,0
MCH-2022,14,8,22,12,7,698440.26,1314636.09,-616195.8300000001,49888.590000000004,164329.51125,91503.47045454546,1.0,0.5007587253414264,125.52380952380952,233.9969696969697,177.53333333333333,51.983333333333334,0.0,17,0,1545,1,1,1,0.0,0.2353,merchant,0
MCH-2023,35,8,43,31,6,1918345.99,1188143.27,730202.72,54809.885428571426,148517.90875,72243.93627906976,0.6193581742780404,0.9352457134571466,65.68174603174603,554.3409523809524,382.0,9.083333333333334,0.0,36,0,2276,1,1,1,0.0,0.1667,merchant,0
MCH-2024,18,11,29,17,9,816682.96,1839857.9,-1023174.94,45371.275555555556,167259.80909090908,91604.8572413793,1.0,0.590658097220965,105.20952380952382,146.028125,114.32499999999999,6.783333333333333,0.0,25,0,1691,1,1,1,0.0,0.16,merchant,0
MCH-2025,26,6,32,24,6,901756.87,950833.7100000001,-49076.840000000084,34682.95653846154,158472.285,57893.455625,1.0,0.5005866249511146,123.72580645161287,280.2953703703704,232.19166666666666,11.316666666666666,0.0,30,0,2882,1,1,1,0.0,0.0667,merchant,0
MCH-2026,19,6,25,19,6,1337525.7,983057.51,354468.18999999994,70396.0894736842,163842.91833333333,92823.3284,0.7349821465112782,0.5605485902202956,111.49791666666665,297.7166666666667,250.46666666666667,5.866666666666666,0.0,24,0,2057,1,1,1,0.0,0.0417,merchant,0
MCH-2027,26,3,29,24,3,1273829.68,383322.93,890506.75,48993.44923076923,127774.31,57143.19344827586,0.300921650687241,0.4783220243467743,129.91845238095237,475.5785714285714,416.3,29.75,0.0,27,0,859,1,1,1,0.0,0.0741,merchant,0
MCH-2028,28,3,31,26,3,1928433.51,354753.85,1573679.6600000001,68872.62535714285,118251.28333333333,73651.20516129032,0.18395959630467112,0.6815808277909086,90.965,636.2574074074074,696.05,47.0,0.0,29,0,922,1,1,1,0.0,0.069,merchant,0
MCH-2029,26,4,30,25,4,1458364.69,695408.14,762956.5499999999,56090.94961538461,173852.035,71792.42766666667,0.4768410431001316,0.6276223573030835,98.89540229885056,525.5410256410257,470.35833333333335,1.2166666666666666,0.0,28,0,1448,1,1,1,0.0,0.0714,merchant,0
MCH-2030,20,4,24,20,4,1470898.61,636704.2999999999,834194.3100000002,73544.9305,159176.07499999998,87816.78791666667,0.4328675652225954,0.6275330108510917,99.7695652173913,272.29912280701757,252.21666666666667,20.766666666666666,0.0,23,0,2173,1,1,1,0.0,0.0435,merchant,0
MCH-2031,25,7,32,22,7,1637138.93,1126325.92,510813.01,65485.557199999996,160903.70285714284,86358.27656249999,0.6879843239693775,0.6797984208849182,91.10860215053764,399.8557971014493,134.63333333333333,1.95,0.0,25,0,2536,1,1,1,0.0,0.2,merchant,0
MCH-2032,19,7,26,19,7,1433609.47,941673.62,491935.85,75453.13,134524.80285714284,91357.04192307692,0.656855049932113,0.5553445984431366,112.36266666666667,205.62051282051283,205.21666666666667,10.116666666666667,0.0,25,0,2207,1,1,1,0.0,0.04,merchant,0
MCH-2033,21,7,28,17,6,1316849.83,1212028.26,104821.57000000007,62707.13476190477,173146.89428571428,90317.07464285714,0.9203997543136714,0.6931407942238267,89.76851851851852,377.7255555555556,339.8333333333333,31.466666666666665,0.0,22,0,2228,1,1,1,0.0,0.2273,merchant,0
MCH-2034,23,9,32,22,9,1310769.08,1432317.83,-121548.75,56989.96000000001,159146.42555555556,85721.4659375,1.0,0.7372752814381989,84.0059139784946,228.65606060606058,178.66666666666669,18.3,0.0,28,0,970,1,1,1,0.0,0.1429,merchant,0
MCH-2035,18,3,21,18,3,1116507.6199999999,515025.65,601481.9699999999,62028.201111111106,171675.21666666667,77692.06047619048,0.4612827004261736,0.5198841951078622,121.18083333333334,126.80666666666666,131.53333333333333,44.71666666666667,0.0,20,0,1287,1,1,1,0.0,0.05,merchant,0
MULE-3001,2,1,3,2,1,137629.91999999998,88115.11,49514.80999999998,68814.95999999999,88115.11,75248.34333333332,0.6402322256672096,0.2311445937847787,389.3666666666666,390.26666666666665,390.26666666666665,1.8,0.0,3,3,39,0,0,1,0.0,0.0,mule-like,1
MULE-3002,2,1,3,2,1,137714.91,85290.66,52424.25,68857.455,85290.66,74335.19,0.6193277111389028,0.24969943586423748,360.43333333333334,362.7916666666667,362.7916666666667,4.716666666666667,0.0,3,3,50,0,0,1,0.0,0.0,mule-like,1
MULE-3003,6,0,6,6,0,239452.27000000002,0.0,239452.27000000002,39908.71166666667,0.0,39908.71166666667,0.0,0.28586175407948544,251.86999999999998,1440.0,1440.0,1440.0,0.0,6,6,38,0,0,1,0.0,0.0,mule-like,1
MULE-3004,2,1,3,2,1,128516.09999999999,76904.09,51612.009999999995,64258.049999999996,76904.09,68473.39666666667,0.5984004338756,3.633916554508748,24.766666666666666,4.05,4.05,4.05,0.0,3,2,58,0,0,1,0.0,0.0,mule-like,1
MULE-3005,5,1,6,5,1,253918.9,73422.51,180496.39,50783.78,73422.51,54556.901666666665,0.28915732542949735,0.6090168325485662,118.22333333333336,206.175,206.175,4.783333333333333,0.0,6,6,21,0,0,1,0.0,0.0,mule-like,1
MULE-3006,3,1,4,3,1,168001.61,71579.67,96421.93999999999,56000.53666666666,71579.67,59895.31999999999,0.4260653811591449,0.3484489183564826,229.58888888888887,319.75,319.75,2.1,0.0,4,4,38,0,0,1,0.0,0.0,mule-like,1
MULE-3007,3,0,3,3,0,164616.41,0.0,164616.41,54872.136666666665,0.0,54872.136666666665,0.0,0.3709300728121995,242.63333333333333,1440.0,1440.0,1440.0,0.0,3,3,45,0,0,1,0.0,0.0,mule-like,1
MULE-3008,6,1,7,5,1,281744.45,47116.03,234628.42,46957.40833333333,47116.03,46980.06857142857,0.1672296650386547,0.3010644779756998,232.50833333333333,159.98333333333332,206.1,4.55,1.0,6,5,57,0,0,1,0.0,0.1667,mule-like,1
MULE-3009,2,1,3,2,1,93787.5,45604.76,48182.74,46893.75,45604.76,46464.08666666667,0.48625627082500333,0.33177684934873436,271.26666666666665,2.4,2.4,2.4,1.0,3,3,26,0,0,1,0.0,0.0,mule-like,1
MULE-3010,5,1,6,5,1,232943.47999999998,44631.45,188312.02999999997,46588.695999999996,44631.45,46262.488333333335,0.19159776440190557,0.310309159866682,232.0266666666667,2.8,2.8,2.8,1.0,6,6,41,0,0,1,0.0,0.0,mule-like,1
MULE-3011,7,0,7,6,0,315846.64,0.0,315846.64,45120.94857142858,0.0,45120.94857142858,0.0,0.36565193418265185,191.43888888888887,1440.0,1440.0,1440.0,0.0,6,6,45,0,0,1,0.0,0.1667,mule-like,1
MULE-3012,2,1,3,2,1,107624.82,59384.71,48240.11000000001,53812.41,59384.71,55669.84333333333,0.5517752317727453,3.3047735618115053,27.233333333333334,29.025000000000002,29.025000000000002,3.5833333333333335,0.0,3,2,22,0,0,1,0.0,0.0,mule-like,1
MULE-3013,1,1,2,1,1,59384.71,56501.48,2883.229999999996,59384.71,56501.48,57943.095,0.95144827683759,20.0,1.9166666666666667,1.9166666666666667,1.9166666666666667,1.9166666666666667,0.0,2,2,58,0,0,1,0.0,0.0,mule-like,1
MULE-3014,5,1,6,5,1,239187.79,54923.62,184264.17,47837.558000000005,54923.62,49018.568333333336,0.22962551725570943,0.48392517083006614,148.78333333333336,250.16666666666663,288.9166666666667,3.433333333333333,0.0,6,6,39,0,0,1,0.0,0.0,mule-like,1
MULE-3015,2,0,2,2,0,97825.45000000001,0.0,97825.45000000001,48912.725000000006,0.0,48912.725000000006,0.0,0.16707662319580452,718.2333333333333,1440.0,1440.0,1440.0,0.0,2,2,19,0,0,1,0.0,0.0,mule-like,1
MULE-3016,4,1,5,3,1,203967.64,81548.73,122418.91000000002,50991.91,81548.73,57103.274,0.39981209764450865,1.0594467333725721,70.79166666666667,20.55,20.55,2.966666666666667,0.0,4,3,43,0,0,1,0.0,0.25,mule-like,1
MULE-3017,1,1,2,1,1,81548.73,78020.7,3528.029999999999,81548.73,78020.7,79784.715,0.9567371558085577,20.0,2.95,2.95,2.95,2.95,0.0,2,2,51,0,0,1,0.0,0.0,mule-like,1
MULE-3018,4,1,5,4,1,177246.75,75838.78,101407.97,44311.6875,75838.78,50617.106,0.4278712021518025,0.40012448317254257,187.44166666666666,2.533333333333333,2.533333333333333,2.533333333333333,0.0,5,5,27,0,0,1,0.0,0.0,mule-like,1
MULE-3019,3,0,3,3,0,170879.16,0.0,170879.16,56959.72,0.0,56959.72,0.0,0.2768095140455198,325.1333333333333,1440.0,1440.0,1440.0,0.0,3,3,11,0,0,1,0.0,0.0,mule-like,1
MULE-3020,7,1,8,7,1,364362.43,89096.86,275265.57,52051.775714285715,89096.86,56682.41125,0.2445281199820739,0.6452335611067548,106.27380952380953,2.9166666666666665,2.9166666666666665,2.9166666666666665,0.0,8,7,44,0,0,1,0.0,0.0,mule-like,1
MULE-3021,2,1,3,2,1,138115.56,85452.17,52663.39,69057.78,85452.17,74522.57666666666,0.6187005287456387,2.77992277992278,32.375,33.625,33.625,2.5,0.0,3,3,33,0,0,1,0.0,0.0,mule-like,1
MULE-3022,5,1,6,5,1,264387.65,83424.77,180962.88,52877.530000000006,83424.77,57968.73666666667,0.3155395874202142,0.49581085733960745,145.21666666666664,47.73333333333333,43.71666666666667,4.166666666666667,0.0,6,6,55,0,0,1,0.0,0.0,mule-like,1
MULE-3023,5,0,5,5,0,265924.13,0.0,265924.13,53184.826,0.0,53184.826,0.0,0.23880597014925373,314.0625,1440.0,1440.0,1440.0,0.0,5,5,30,0,0,1,0.0,0.0,mule-like,1
MULE-3024,5,1,6,5,1,262429.85,89106.97,173322.87999999998,52485.969999999994,89106.97,58589.469999999994,0.33954586339930465,0.26911528350547576,267.54333333333335,259.2888888888889,270.45,4.15,0.0,6,5,22,0,0,1,0.0,0.0,mule-like,1
MULE-3025,4,1,5,3,1,188640.63,86535.28,102105.35,47160.1575,86535.28,55035.18200000001,0.45873086831824084,0.9753982876341172,76.89166666666667,4.816666666666666,4.816666666666666,4.816666666666666,0.0,4,4,12,0,0,1,0.0,0.25,mule-like,1
MULE-3026,3,1,4,2,1,173663.4,84466.84,89196.56,57887.799999999996,84466.84,64532.56,0.48638250777077957,0.880195599022005,90.8888888888889,3.5166666666666666,3.5166666666666666,3.5166666666666666,0.0,3,3,22,0,0,1,0.0,0.3333,mule-like,1
MULE-3027,2,0,2,2,0,131364.32,0.0,131364.32,65682.16,0.0,65682.16,0.0,0.4304675355733589,278.76666666666665,1440.0,1440.0,1440.0,0.0,2,2,25,0,0,1,0.0,0.0,mule-like,1
MULE-3028,2,1,3,2,1,124419.73000000001,76292.27,48127.46000000001,62209.865000000005,76292.27,66904.0,0.6131846613073344,0.5507675047172217,163.40833333333333,165.41666666666666,165.41666666666666,4.016666666666667,0.0,3,2,34,0,0,1,0.0,0.0,mule-like,1
MULE-3029,5,1,6,5,1,217223.66,73357.15,143866.51,43444.732,73357.15,48430.135,0.33770331463893016,0.26124186642800123,275.6066666666667,500.15416666666664,605.6583333333333,3.3666666666666667,0.0,6,6,28,0,0,1,0.0,0.0,mule-like,1
MULE-3030,6,0,6,6,0,268467.08,0.0,268467.08,44744.513333333336,0.0,44744.513333333336,0.0,0.4500937695353199,159.96666666666667,1440.0,1440.0,1440.0,0.0,6,6,34,0,0,1,0.0,0.0,mule-like,1
G443,1,3,4,1,3,293971.36,132764.11000000002,161207.24999999997,293971.36,44254.70333333334,106683.8675,0.45162260024241824,4.575786463298379,17.483333333333334,29.933333333333334,29.933333333333334,29.933333333333334,1.0,4,3,60,0,0,0,0.0,0.0,structuring,1
M901,1,4,5,1,3,163970.06,162642.39,1327.6699999999837,163970.06,40660.5975,65322.490000000005,0.9919029730183669,4.645161290322581,16.145833333333332,35.916666666666664,35.916666666666664,35.916666666666664,0.75,4,3,81,0,0,0,0.0,0.25,structuring,1
STR-4001,1,6,7,1,6,289085.12,275286.03,13799.089999999967,289085.12,45881.005000000005,80624.45,0.9522663428681492,6.391072787217855,10.952777777777778,17.6,17.6,17.6,1.0,7,6,30,0,0,0,0.0,0.0,structuring,1
STR-4002,1,6,7,1,4,217955.53,225976.96000000002,-8021.430000000022,217955.53,37662.82666666667,63418.927142857145,1.0,6.005719733079124,11.655555555555553,21.216666666666665,21.216666666666665,21.216666666666665,0.6666666666666666,5,4,42,0,0,0,0.0,0.4,structuring,1
STR-4003,1,5,6,1,5,177172.05,185152.63,-7980.580000000016,177172.05,37030.526,60387.44666666666,1.0,4.7482963288634865,15.163333333333332,36.8,36.8,36.8,0.6,6,5,36,0,0,0,0.0,0.0,structuring,1
STR-4004,1,4,5,1,4,182898.6,182351.68,546.9200000000128,182898.6,45587.92,73050.05600000001,0.9970097092049911,9.703504043126685,7.729166666666666,16.15,16.15,16.15,1.0,5,4,29,0,0,0,0.0,0.0,structuring,1
STR-4005,1,3,4,1,3,273509.04,136528.05,136980.99,273509.04,45509.35,102509.27249999999,0.49917198349275765,4.0506329113924044,19.750000000000004,39.333333333333336,39.333333333333336,39.333333333333336,1.0,4,3,68,0,0,0,0.0,0.0,structuring,1
STR-4006,1,4,5,1,4,296058.82,185008.63,111050.19,296058.82,46252.1575,96213.49,0.6249049766529502,5.238649592549476,14.316666666666666,32.833333333333336,32.833333333333336,32.833333333333336,1.0,5,4,15,0,0,0,0.0,0.0,structuring,1
STR-4007,1,5,6,1,5,255439.48,231194.97,24244.51000000001,255439.48,46238.994,81105.74166666667,0.905087067981817,6.805293005671077,10.579999999999998,19.55,19.55,19.55,1.0,6,5,21,0,0,0,0.0,0.0,structuring,1
STR-4008,1,6,7,1,5,278951.49,272049.3,6902.190000000002,278951.49,45341.549999999996,78714.39857142858,0.9752566655944372,4.798172124904798,14.58888888888889,35.86666666666667,35.86666666666667,35.86666666666667,1.0,6,5,36,0,0,0,0.0,0.1667,structuring,1
STR-4009,1,3,4,1,3,289459.94,133751.46,155708.48,289459.94,44583.82,105802.85,0.462072437381145,5.093738945879024,15.705555555555557,30.783333333333335,30.783333333333335,30.783333333333335,1.0,4,3,62,0,0,0,0.0,0.0,structuring,1
STR-4010,1,3,4,1,3,183137.24,134701.08,48436.16,183137.24,44900.35999999999,79459.57999999999,0.7355198756954074,4.798400533155615,16.67222222222222,27.866666666666667,27.866666666666667,27.866666666666667,1.0,4,3,36,0,0,0,0.0,0.0,structuring,1
STR-4011,1,6,7,1,6,175628.84,193590.52,-17961.679999999993,175628.84,32265.086666666666,52745.62285714286,1.0,5.787781350482315,12.094444444444443,24.25,24.25,24.25,0.5,7,6,19,0,0,0,0.0,0.0,structuring,1
STR-4012,1,3,4,1,3,258861.37,138441.69,120419.68,258861.37,46147.23,99325.765,0.5348101572668027,4.853387259858443,16.483333333333334,26.583333333333332,26.583333333333332,26.583333333333332,1.0,4,3,29,0,0,0,0.0,0.0,structuring,1
STR-4013,1,5,6,1,5,276587.75,230601.95,45985.79999999999,276587.75,46120.39,84531.61666666667,0.8337388405668725,6.3510732137606585,11.336666666666666,20.316666666666666,20.316666666666666,20.316666666666666,1.0,6,5,19,0,0,0,0.0,0.0,structuring,1
STR-4014,1,6,7,1,5,263225.49,261730.34999999998,1495.140000000014,263225.49,43621.725,74993.69142857143,0.9943199269949122,5.537244561634806,12.641666666666667,27.416666666666668,27.416666666666668,27.416666666666668,0.8333333333333334,6,5,74,0,0,0,0.0,0.1667,structuring,1
STR-4015,1,3,4,1,3,253704.58,143165.48,110539.09999999998,253704.58,47721.82666666667,99217.515,0.5642999428705624,5.189189189189189,15.416666666666666,30.366666666666667,30.366666666666667,30.366666666666667,1.0,4,3,80,0,0,0,0.0,0.0,structuring,1
STR-4016,1,5,6,1,5,184418.46,190191.96,-5773.5,184418.46,38038.392,62435.07,1.0,4.757709251101322,15.133333333333335,33.61666666666667,33.61666666666667,33.61666666666667,0.8,6,5,19,0,0,0,0.0,0.0,structuring,1
STR-4017,1,4,5,1,3,152672.47,151928.47,744.0,152672.47,37982.1175,60920.188,0.9951268227991595,5.4429996976111275,13.779166666666667,27.15,27.15,27.15,0.75,4,3,39,0,0,0,0.0,0.25,structuring,1
STR-4018,1,4,5,1,3,241366.18,179803.94,61562.23999999999,241366.18,44950.985,84234.024,0.7449425598897078,6.2413314840499305,12.016666666666666,12.4,12.4,12.4,1.0,4,3,76,0,0,0,0.0,0.25,structuring,1
STR-4019,1,5,6,1,5,196484.95,196233.65,251.30000000001746,196484.95,39246.729999999996,65453.1,0.9987210216354993,5.781584582441114,12.453333333333333,22.5,22.5,22.5,0.8,6,5,26,0,0,0,0.0,0.0,structuring,1
STR-4020,1,3,4,1,3,286272.51,138883.09,147389.42,286272.51,46294.363333333335,106288.9,0.48514294998147045,4.9706593027269586,16.094444444444445,23.15,23.15,23.15,1.0,4,3,23,0,0,0,0.0,0.0,structuring,1
VCT-5001,0,0,0,0,0,0.0,0.0,0.0,0.0,0.0,0.0,0.0,0.0,1440.0,1440.0,1440.0,1440.0,0.0,0,0,514,0,0,1,0.0,0.0,victim,0
VCT-5002,0,1,1,0,1,0.0,48808.29,-48808.29,0.0,48808.29,48808.29,0.0,1.0,1440.0,1440.0,1440.0,1440.0,1.0,1,1,1465,0,0,1,0.0,0.0,victim,0
VCT-5003,0,0,0,0,0,0.0,0.0,0.0,0.0,0.0,0.0,0.0,0.0,1440.0,1440.0,1440.0,1440.0,0.0,0,0,2313,0,0,1,0.0,0.0,victim,0
VCT-5004,0,0,0,0,0,0.0,0.0,0.0,0.0,0.0,0.0,0.0,0.0,1440.0,1440.0,1440.0,1440.0,0.0,0,0,1621,0,0,1,0.0,0.0,victim,0
VCT-5005,0,1,1,0,1,0.0,91083.72,-91083.72,0.0,91083.72,91083.72,0.0,1.0,1440.0,1440.0,1440.0,1440.0,0.0,1,1,1514,0,0,1,0.0,0.0,victim,0
VCT-5006,0,2,2,0,2,0.0,142996.91999999998,-142996.91999999998,0.0,71498.45999999999,71498.45999999999,0.0,1.2772751463544438,93.95,1440.0,1440.0,1440.0,0.0,2,2,967,0,0,1,0.0,0.0,victim,0
VCT-5007,0,1,1,0,1,0.0,84799.94,-84799.94,0.0,84799.94,84799.94,0.0,1.0,1440.0,1440.0,1440.0,1440.0,0.0,1,1,679,0,0,1,0.0,0.0,victim,0
VCT-5008,0,0,0,0,0,0.0,0.0,0.0,0.0,0.0,0.0,0.0,0.0,1440.0,1440.0,1440.0,1440.0,0.0,0,0,1346,0,0,1,0.0,0.0,victim,0
VCT-5009,0,0,0,0,0,0.0,0.0,0.0,0.0,0.0,0.0,0.0,0.0,1440.0,1440.0,1440.0,1440.0,0.0,0,0,1403,0,0,1,0.0,0.0,victim,0
VCT-5010,0,0,0,0,0,0.0,0.0,0.0,0.0,0.0,0.0,0.0,0.0,1440.0,1440.0,1440.0,1440.0,0.0,0,0,851,0,0,1,0.0,0.0,victim,0
VCT-5011,0,0,0,0,0,0.0,0.0,0.0,0.0,0.0,0.0,0.0,0.0,1440.0,1440.0,1440.0,1440.0,0.0,0,0,1533,0,0,1,0.0,0.0,victim,0
VCT-5012,0,1,1,0,1,0.0,83504.42,-83504.42,0.0,83504.42,83504.42,0.0,1.0,1440.0,1440.0,1440.0,1440.0,0.0,1,1,1071,0,0,1,0.0,0.0,victim,0
VCT-5013,0,0,0,0,0,0.0,0.0,0.0,0.0,0.0,0.0,0.0,0.0,1440.0,1440.0,1440.0,1440.0,0.0,0,0,1458,0,0,1,0.0,0.0,victim,0
VCT-5014,0,3,3,0,3,0.0,265258.16000000003,-265258.16000000003,0.0,88419.38666666667,88419.38666666667,0.0,0.24047025293908086,374.26666666666665,1440.0,1440.0,1440.0,0.0,3,3,652,0,0,1,0.0,0.0,victim,0
VCT-5015,0,0,0,0,0,0.0,0.0,0.0,0.0,0.0,0.0,0.0,0.0,1440.0,1440.0,1440.0,1440.0,0.0,0,0,2425,0,0,1,0.0,0.0,victim,0
